Episode,AgentStandard-5,AgentStandard-6
1,0.007000000000000045,0.007000000000000027
2,0.106,-0.09999999999999981
3,0.11700000000000019,0.3119999999999994
4,0.0010000000000001347,0.10800000000000003
5,0.0050000000000001875,0.003000000000000064
6,0.3129999999999993,0.42199999999999926
7,0.21700000000000003,0.0030000000000001527
8,0.11000000000000015,0.315
9,0.20700000000000002,0.313999999999999
10,0.11400000000000028,-0.09799999999999981
11,0.11000000000000014,0.012000000000000028
12,-0.09999999999999981,-0.09399999999999982
13,0.10600000000000011,0.10800000000000018
14,-0.09599999999999982,0.11499999999999996
15,0.10099999999999991,-0.09999999999999981
16,0.008000000000000028,0.10100000000000019
17,0.10600000000000011,-0.09999999999999981
18,0.10200000000000026,0.408999999999999
19,0.10400000000000013,0.10800000000000004
20,0.007000000000000041,0.005000000000000028
21,0.11300000000000016,-0.09399999999999982
22,0.009000000000000187,0.30799999999999916
23,-0.09399999999999982,0.20500000000000015
24,0.003000000000000148,0.4229999999999992
25,0.01100000000000017,0.003000000000000117
26,0.21199999999999902,0.5229999999999995
27,0.11200000000000015,0.00500000000000017
28,0.206,0.007000000000000072
29,0.007000000000000027,0.0010000000000000991
30,0.10200000000000019,0.0010000000000000636
31,0.0030000000000000283,0.21099999999999958
32,0.30999999999999983,-0.08999999999999984
33,0.003000000000000117,-0.09599999999999982
34,0.21099999999999977,0.6179999999999994
35,0.30300000000000016,-0.09799999999999981
36,0.007000000000000116,-0.09999999999999981
37,0.2070000000000001,0.41199999999999987
38,0.31599999999999945,-0.09399999999999982
39,0.10800000000000033,0.00900000000000017
40,0.2049999999999988,0.21599999999999983
41,0.3159999999999994,0.10600000000000014
42,0.31200000000000006,-0.09499999999999982
43,0.009000000000000133,0.007000000000000094
44,-0.09599999999999982,-0.08999999999999984
45,0.0030000000000001527,-0.09599999999999982
46,0.207,0.10400000000000027
47,0.10800000000000008,-0.08999999999999984
48,-0.09599999999999982,0.10600000000000015
49,-0.09599999999999982,0.00900000000000008
50,0.001000000000000139,-0.09399999999999982
51,0.42199999999999915,-0.09599999999999982
52,0.005000000000000028,0.4049999999999989
53,0.019000000000000034,0.1020000000000002
54,0.10400000000000023,0.30899999999999933
55,-0.09799999999999981,0.20300000000000004
56,-0.09499999999999982,0.012000000000000132
57,0.30799999999999883,0.013000000000000123
58,0.0050000000000000365,0.10399999999999993
59,0.10800000000000011,0.10600000000000027
60,0.10600000000000005,0.1120000000000001
61,-0.09999999999999981,0.009000000000000027
62,-0.09999999999999981,0.11000000000000025
63,-0.09799999999999981,0.007000000000000045
64,0.0010000000000001702,0.2109999999999998
65,-0.09999999999999981,-0.09999999999999981
66,0.10300000000000008,-0.09699999999999981
67,-0.09999999999999981,-0.09999999999999981
68,0.10299999999999997,0.10600000000000007
69,0.4069999999999998,0.20700000000000007
70,-0.09399999999999982,0.006000000000000028
71,0.11200000000000017,-0.09799999999999981
72,0.11100000000000015,0.317
73,-0.09999999999999981,0.20499999999999877
74,0.003000000000000165,-0.09999999999999981
75,0.005000000000000112,0.001000000000000117
76,0.4239999999999995,0.2089999999999995
77,-0.09399999999999985,-0.09999999999999981
78,0.20799999999999927,0.005000000000000028
79,-0.09799999999999981,-0.09599999999999982
80,0.0010000000000000636,0.11100000000000015
81,0.007000000000000169,0.0050000000000001875
82,0.30899999999999933,0.011000000000000027
83,-0.09799999999999981,0.0010000000000000458
84,0.009000000000000152,0.30499999999999944
85,0.005000000000000072,0.0010000000000001882
86,0.10799999999999985,0.10999999999999976
87,-0.08999999999999984,0.001000000000000028
88,0.314999999999999,-0.08799999999999984
89,0.007000000000000116,0.005000000000000028
90,0.2139999999999997,-0.09499999999999982
91,0.41199999999999876,0.011000000000000135
92,0.10600000000000025,0.20899999999999977
93,0.11400000000000007,0.21499999999999939
94,-0.09599999999999982,-0.09799999999999981
95,0.005000000000000028,0.30999999999999894
96,0.005000000000000072,0.007000000000000023
97,0.21099999999999997,0.20799999999999932
98,0.418,-0.09399999999999982
99,0.005000000000000028,0.005000000000000152
100,0.005000000000000028,0.3139999999999997
101,0.009000000000000138,0.4179999999999993
102,-0.09999999999999981,0.31199999999999883
103,-0.09699999999999981,-0.09999999999999981
104,0.4079999999999995,0.007000000000000027
105,0.0070000000000000895,0.001000000000000139
106,-0.09999999999999981,-0.09799999999999981
107,0.0030000000000001705,-0.09799999999999981
108,0.21499999999999972,0.11400000000000027
109,-0.09599999999999982,0.0010000000000000414
110,0.2109999999999992,0.21799999999999908
111,0.618999999999999,-0.09599999999999982
112,0.20699999999999996,0.11000000000000014
113,-0.09799999999999981,0.11200000000000015
114,-0.09799999999999981,0.11099999999999995
115,0.007000000000000152,0.1119999999999997
116,0.21099999999999994,0.005000000000000028
117,0.10400000000000018,-0.09599999999999982
118,0.10200000000000019,0.0010000000000001215
119,0.10400000000000018,0.0030000000000001714
120,0.2109999999999988,0.011000000000000081
121,-0.09999999999999981,0.205
122,0.0050000000000001476,0.007000000000000027
123,0.007000000000000081,0.003000000000000064
124,0.0010000000000000681,0.21099999999999988
125,0.007000000000000098,-0.09999999999999981
126,0.10600000000000012,0.0030000000000000283
127,0.41099999999999964,0.0030000000000000946
128,0.20900000000000002,0.0030000000000001527
129,-0.09799999999999981,-0.09799999999999981
130,-0.09799999999999981,-0.09799999999999981
131,-0.09399999999999982,0.41199999999999976
132,-0.09999999999999981,0.013000000000000136
133,-0.09999999999999981,0.001000000000000028
134,0.11400000000000014,0.11000000000000021
135,0.009000000000000124,0.003000000000000046
136,0.209,-0.09399999999999982
137,-0.09799999999999981,-0.09999999999999981
138,0.0030000000000000283,0.3109999999999991
139,0.005000000000000139,-0.09399999999999982
140,-0.09999999999999981,-0.09399999999999982
141,0.10400000000000026,0.416999999999999
142,0.2059999999999988,-0.09799999999999981
143,0.020000000000000035,0.013000000000000029
144,0.005000000000000028,0.30499999999999916
145,-0.09599999999999982,0.00900000000000003
146,0.1060000000000003,0.10600000000000023
147,0.2049999999999998,0.003000000000000064
148,0.2170000000000001,-0.09599999999999982
149,0.11399999999999982,0.005000000000000028
150,-0.09799999999999981,0.0050000000000001875
151,-0.09999999999999981,-0.09999999999999981
152,-0.09999999999999981,-0.09999999999999981
153,-0.09999999999999981,0.10100000000000019
154,-0.09599999999999982,0.20799999999999877
155,-0.09199999999999983,0.30499999999999977
156,0.01700000000000006,0.0030000000000001714
157,0.001000000000000188,-0.09999999999999981
158,-0.09699999999999981,-0.09799999999999981
159,0.5229999999999994,0.0030000000000000283
160,0.11400000000000007,0.20999999999999985
161,0.001000000000000028,0.0030000000000000903
162,0.11800000000000013,0.11400000000000012
163,-0.09199999999999983,0.21899999999999928
164,0.10800000000000015,0.20599999999999966
165,0.10900000000000017,0.005000000000000126
166,-0.09599999999999982,0.0030000000000001883
167,-0.09999999999999981,-0.09999999999999981
168,0.21299999999999975,0.10400000000000009
169,0.10200000000000012,0.10700000000000016
170,0.001000000000000028,-0.09799999999999981
171,0.014000000000000047,-0.09599999999999982
172,-0.09999999999999981,-0.09999999999999981
173,0.41399999999999876,0.003000000000000117
174,0.0010000000000001713,-0.09999999999999981
175,-0.09799999999999981,-0.09999999999999981
176,0.0050000000000001875,0.001000000000000117
177,-0.09599999999999982,0.011000000000000116
178,0.10600000000000023,0.20499999999999993
179,-0.09799999999999981,0.10400000000000018
180,0.2129999999999998,-0.09799999999999981
181,0.11200000000000015,0.005000000000000171
182,0.2139999999999999,0.10400000000000008
183,-0.09799999999999981,0.001000000000000077
184,0.007000000000000063,0.31300000000000017
185,0.005000000000000028,0.015000000000000084
186,0.0070000000000000895,0.30699999999999955
187,-0.09599999999999982,-0.09199999999999983
188,-0.09999999999999981,-0.09399999999999982
189,-0.09999999999999981,-0.09999999999999981
190,0.10900000000000017,0.0010000000000001646
191,0.0030000000000001215,0.0030000000000000725
192,0.001000000000000028,0.001000000000000188
193,-0.09999999999999981,0.003000000000000046
194,0.0010000000000001525,0.4079999999999989
195,0.001000000000000117,0.0030000000000001705
196,-0.09799999999999981,-0.09999999999999981
197,0.10700000000000016,0.30599999999999933
198,0.20799999999999985,-0.09999999999999981
199,-0.09999999999999981,0.1060000000000002
200,0.20800000000000005,-0.09399999999999982
201,-0.09799999999999981,-0.08599999999999985
202,0.10300000000000019,-0.09799999999999981
203,0.0030000000000000417,-0.09399999999999982
204,0.10300000000000019,-0.09399999999999982
205,-0.09999999999999981,0.007000000000000152
206,-0.09999999999999981,-0.09999999999999981
207,0.003000000000000046,0.10300000000000019
208,0.1060000000000003,-0.09999999999999981
209,-0.09199999999999983,-0.09999999999999981
210,-0.09799999999999981,0.20299999999999993
211,0.10600000000000019,0.20899999999999996
212,0.0010000000000000325,0.001000000000000028
213,0.31499999999999984,0.10800000000000028
214,0.009000000000000155,0.005000000000000076
215,0.10600000000000019,0.005000000000000063
216,0.10300000000000019,0.005000000000000028
217,0.0010000000000000458,0.20599999999999874
218,0.001000000000000028,0.005000000000000028
219,0.10300000000000019,-0.09999999999999981
220,0.0010000000000000547,0.011000000000000116
221,0.10600000000000008,0.10200000000000017
222,-0.09999999999999981,-0.09399999999999982
223,-0.09999999999999981,-0.09799999999999981
224,-0.09499999999999982,0.3029999999999987
225,0.31599999999999967,-0.09599999999999982
226,-0.09799999999999981,0.0010000000000000991
227,0.208999999999999,0.10200000000000019
228,-0.09799999999999981,0.10100000000000005
229,-0.09999999999999981,0.10900000000000018
230,-0.09999999999999981,0.10699999999999978
231,-0.09799999999999981,-0.09999999999999981
232,-0.09999999999999981,-0.09799999999999981
233,0.10400000000000013,0.31299999999999967
234,0.019000000000000124,0.20299999999999993
235,0.0030000000000000903,-0.09399999999999982
236,-0.09999999999999981,0.007000000000000063
237,-0.09999999999999981,0.10400000000000018
238,-0.09799999999999981,-0.09399999999999982
239,-0.09999999999999981,0.0010000000000000636
240,0.011000000000000098,0.0030000000000000547
241,-0.09799999999999981,0.20600000000000016
242,0.22699999999999995,0.21099999999999874
243,0.30699999999999955,0.21499999999999925
244,0.0010000000000000458,-0.09799999999999981
245,-0.09999999999999981,-0.09999999999999981
246,0.10200000000000027,0.0030000000000001527
247,0.10500000000000018,0.007000000000000121
248,-0.09999999999999981,-0.09999999999999981
249,-0.09599999999999982,-0.09799999999999981
250,0.10400000000000008,0.009000000000000187
251,-0.09799999999999981,-0.09999999999999981
252,-0.09999999999999981,-0.09799999999999981
253,0.20799999999999882,0.21499999999999958
254,-0.09999999999999981,-0.09999999999999981
255,0.30599999999999966,-0.09399999999999982
256,-0.09799999999999981,0.005000000000000041
257,0.006000000000000028,0.11000000000000006
258,-0.09099999999999983,-0.09999999999999981
259,0.009000000000000027,0.1009999999999998
260,-0.09699999999999981,-0.09799999999999981
261,-0.09999999999999981,-0.09399999999999982
262,-0.09099999999999983,0.10100000000000019
263,-0.09799999999999981,0.0010000000000001702
264,0.31999999999999945,0.10400000000000027
265,-0.09399999999999982,0.20399999999999985
266,0.0050000000000001875,0.009000000000000116
267,0.001000000000000148,-0.09399999999999982
268,-0.09999999999999981,-0.09999999999999981
269,0.20900000000000016,0.11000000000000025
270,0.0030000000000001705,-0.09599999999999982
271,-0.08999999999999984,0.20599999999999938
272,-0.09799999999999981,-0.09799999999999981
273,0.30899999999999994,-0.09799999999999981
274,0.10600000000000027,0.012000000000000136
275,0.10100000000000019,-0.09999999999999981
276,-0.09799999999999981,-0.09999999999999981
277,-0.09999999999999981,-0.09999999999999981
278,0.20599999999999993,-0.09999999999999981
279,0.10200000000000001,0.003000000000000037
280,-0.09799999999999981,-0.09799999999999981
281,0.0010000000000001525,-0.09999999999999981
282,-0.09799999999999981,0.003000000000000064
283,0.019000000000000208,-0.09999999999999981
284,0.20599999999999943,0.014000000000000028
285,0.308999999999999,0.2059999999999993
286,-0.09999999999999981,-0.09799999999999981
287,-0.09999999999999981,-0.09499999999999982
288,-0.09999999999999981,-0.09399999999999985
289,0.2109999999999988,-0.09299999999999983
290,-0.09699999999999981,-0.09099999999999982
291,-0.09999999999999981,-0.09699999999999981
292,0.20399999999999982,0.009000000000000093
293,0.0030000000000001527,-0.09799999999999981
294,0.0010000000000000859,0.10200000000000017
295,0.21099999999999938,0.1080000000000001
296,0.11600000000000012,0.0030000000000001124
297,0.11600000000000012,0.009000000000000027
298,-0.09999999999999981,-0.09799999999999981
299,0.005000000000000028,-0.09999999999999981
300,0.20599999999999966,-0.09799999999999981
301,-0.09999999999999981,-0.09799999999999981
302,0.0030000000000000283,-0.09999999999999981
303,-0.09999999999999981,0.00800000000000007
304,-0.09999999999999981,-0.09699999999999984
305,0.0010000000000000724,0.30699999999999905
306,-0.09999999999999981,-0.09999999999999981
307,0.0010000000000000458,0.3150000000000002
308,-0.09999999999999981,0.1059999999999997
309,-0.09999999999999981,-0.09999999999999981
310,0.001000000000000117,-0.09399999999999982
311,-0.09199999999999983,-0.09799999999999981
312,-0.09799999999999981,0.20899999999999977
313,-0.09999999999999981,-0.09999999999999981
314,0.11200000000000031,0.10499999999999997
315,0.005000000000000028,-0.09799999999999981
316,-0.09799999999999981,0.10200000000000019
317,-0.09999999999999981,-0.09999999999999981
318,0.20799999999999938,0.001000000000000117
319,0.20500000000000015,0.20899999999999985
320,0.20999999999999894,0.005000000000000108
321,-0.09999999999999981,-0.09999999999999981
322,-0.09999999999999981,0.005000000000000099
323,-0.09799999999999981,-0.09999999999999981
324,0.0010000000000000458,-0.09799999999999981
325,-0.09799999999999981,0.10100000000000019
326,0.10400000000000023,0.20799999999999913
327,0.11400000000000013,-0.09999999999999981
328,0.017000000000000032,0.21499999999999994
329,0.10600000000000018,0.0070000000000001875
330,0.1040000000000001,0.001000000000000028
331,0.001000000000000108,-0.09599999999999982
332,-0.09999999999999981,-0.09799999999999981
333,-0.09999999999999981,-0.09999999999999981
334,0.3089999999999987,0.0030000000000000417
335,-0.09799999999999981,-0.09999999999999981
336,-0.09799999999999981,-0.09999999999999981
337,0.10100000000000019,-0.08799999999999984
338,0.003000000000000175,0.007000000000000152
339,0.0030000000000001813,0.015000000000000076
340,0.0030000000000000725,0.007000000000000072
341,-0.09999999999999981,-0.09499999999999982
342,0.10100000000000019,-0.09999999999999981
343,-0.09599999999999982,-0.09599999999999982
344,0.4149999999999997,-0.09799999999999981
345,0.11600000000000016,0.10600000000000015
346,0.005000000000000081,0.20699999999999982
347,-0.09399999999999982,-0.09999999999999981
348,-0.09799999999999981,-0.09999999999999981
349,0.005000000000000178,0.20599999999999974
350,-0.09799999999999981,0.005000000000000028
351,0.0070000000000001875,-0.09999999999999981
352,0.1040000000000002,0.008000000000000028
353,0.20399999999999907,-0.09999999999999981
354,0.10599999999999986,0.10600000000000014
355,-0.09999999999999981,-0.09199999999999983
356,-0.09799999999999981,0.10200000000000006
357,0.21100000000000008,0.20700000000000007
358,-0.09599999999999982,-0.09999999999999981
359,0.0030000000000000994,0.0010000000000000325
360,-0.09399999999999982,0.21099999999999955
361,0.0010000000000001525,-0.09999999999999981
362,0.0010000000000001436,-0.09999999999999981
363,-0.09799999999999981,0.20499999999999985
364,0.0010000000000001702,0.00500000000000017
365,0.2080000000000001,-0.09999999999999981
366,0.42499999999999916,0.2070000000000001
367,0.0030000000000000283,0.007000000000000027
368,0.10800000000000017,0.20899999999999985
369,0.10200000000000001,0.003000000000000135
370,0.10200000000000019,-0.09799999999999981
371,0.2039999999999999,-0.09999999999999981
372,-0.09799999999999981,0.009000000000000027
373,-0.09999999999999981,0.0010000000000001525
374,0.005000000000000028,0.10499999999999972
375,-0.09999999999999981,-0.09799999999999981
376,0.0070000000000000895,0.20699999999999893
377,-0.09799999999999981,0.10600000000000019
378,-0.09999999999999981,-0.09999999999999981
379,0.005000000000000081,0.00900000000000008
380,0.003000000000000108,-0.09799999999999981
381,0.0030000000000001527,-0.09399999999999982
382,-0.09999999999999981,-0.09999999999999981
383,-0.09999999999999981,-0.09999999999999981
384,0.005000000000000028,0.3069999999999988
385,0.001000000000000117,-0.09999999999999981
386,0.005000000000000028,0.0010000000000000325
387,0.31599999999999995,0.009000000000000062
388,-0.09799999999999981,-0.09999999999999981
389,0.001000000000000028,-0.09999999999999981
390,0.20299999999999996,-0.09799999999999981
391,0.30899999999999944,0.10599999999999986
392,0.10800000000000017,-0.09999999999999981
393,0.013000000000000128,0.008000000000000108
394,-0.09099999999999983,-0.09999999999999981
395,0.007000000000000169,0.2119999999999987
396,0.10400000000000009,0.21199999999999886
397,-0.09999999999999981,-0.09999999999999981
398,-0.09999999999999981,0.0010000000000001713
399,-0.09799999999999981,-0.09799999999999981
400,-0.09999999999999981,-0.09999999999999981
401,-0.09799999999999981,0.0030000000000001705
402,-0.09999999999999981,0.10700000000000016
403,0.1060000000000003,0.00900000000000008
404,-0.09799999999999981,-0.09799999999999981
405,0.001000000000000188,0.21900000000000003
406,-0.09999999999999981,-0.09999999999999981
407,-0.09999999999999981,0.20399999999999907
408,-0.09599999999999982,0.11200000000000028
409,-0.09999999999999981,0.11100000000000015
410,-0.09999999999999981,0.0030000000000001883
411,-0.09799999999999981,0.0030000000000001215
412,-0.09999999999999981,-0.09599999999999982
413,0.005000000000000028,0.0030000000000001705
414,0.10500000000000018,0.0050000000000001345
415,-0.09799999999999981,-0.08799999999999981
416,-0.09999999999999981,-0.09999999999999981
417,0.10500000000000018,-0.09799999999999981
418,0.014000000000000084,0.003000000000000117
419,-0.09999999999999981,-0.09999999999999981
420,-0.09999999999999981,-0.09699999999999981
421,-0.09999999999999981,0.10100000000000019
422,0.10800000000000029,0.10100000000000019
423,-0.09999999999999981,-0.09999999999999981
424,0.005000000000000028,-0.09799999999999981
425,-0.09999999999999981,0.0030000000000001705
426,0.001000000000000117,0.20999999999999883
427,-0.09999999999999981,-0.09599999999999982
428,-0.09999999999999981,-0.09799999999999981
429,0.11800000000000015,0.1029999999999998
430,-0.09799999999999981,0.20200000000000018
431,0.11600000000000014,0.00900000000000017
432,0.1040000000000003,0.31099999999999917
433,-0.09399999999999982,-0.09999999999999981
434,-0.09999999999999981,0.001000000000000028
435,-0.09799999999999981,0.0010000000000000636
436,0.21200000000000016,-0.09599999999999982
437,0.11200000000000004,0.10600000000000019
438,0.007000000000000027,0.0010000000000000503
439,-0.09599999999999982,-0.09999999999999981
440,0.1099999999999998,-0.09399999999999982
441,0.001000000000000188,-0.09999999999999981
442,-0.09799999999999981,-0.09999999999999981
443,-0.09999999999999981,-0.09999999999999981
444,0.40999999999999914,-0.09599999999999982
445,0.0030000000000001714,0.007000000000000027
446,0.10800000000000026,-0.09799999999999981
447,0.0010000000000001436,-0.09999999999999981
448,0.005000000000000063,-0.09999999999999981
449,-0.09999999999999981,-0.09999999999999981
450,-0.09999999999999981,0.0010000000000000369
451,-0.09799999999999981,-0.09999999999999981
452,-0.09999999999999981,-0.09999999999999981
453,0.10400000000000018,-0.09999999999999981
454,0.001000000000000028,0.10400000000000013
455,-0.09999999999999981,-0.09799999999999981
456,0.001000000000000028,0.005000000000000063
457,-0.09999999999999981,-0.09999999999999981
458,-0.09999999999999981,0.001000000000000028
459,0.307,-0.09999999999999981
460,0.11300000000000016,-0.09799999999999981
461,0.20499999999999907,0.11000000000000026
462,-0.09999999999999981,0.005000000000000116
463,-0.09999999999999981,0.3119999999999991
464,-0.09599999999999982,0.2029999999999999
465,-0.09999999999999981,0.0030000000000001705
466,-0.09999999999999981,0.007000000000000027
467,0.0010000000000001746,-0.09799999999999981
468,-0.09999999999999981,-0.09799999999999981
469,0.007000000000000027,0.005000000000000081
470,-0.09999999999999981,-0.09599999999999982
471,-0.09799999999999981,0.10400000000000018
472,0.21000000000000005,-0.09599999999999982
473,0.007000000000000027,-0.09999999999999981
474,-0.09999999999999981,0.005000000000000121
475,-0.09799999999999981,0.21300000000000016
476,-0.09999999999999981,-0.09799999999999981
477,0.007000000000000156,-0.09999999999999981
478,-0.09999999999999981,-0.09999999999999981
479,-0.09699999999999981,0.10100000000000019
480,-0.09599999999999982,0.0010000000000001525
481,-0.09599999999999982,0.001000000000000028
482,-0.09999999999999981,-0.09799999999999981
483,-0.09799999999999981,0.001000000000000117
484,-0.09999999999999981,-0.09999999999999981
485,-0.09999999999999981,-0.09599999999999982
486,-0.09799999999999981,-0.09999999999999981
487,0.001000000000000028,0.001000000000000028
488,0.20899999999999977,0.007000000000000169
489,0.0030000000000000283,-0.09999999999999981
490,0.10199999999999987,-0.09999999999999981
491,0.00500000000000013,-0.09999999999999981
492,-0.09799999999999981,0.0010000000000000503
493,0.2059999999999995,0.005000000000000116
494,-0.09999999999999981,0.208999999999999
495,-0.09999999999999981,-0.09599999999999982
496,0.003000000000000046,-0.09799999999999981
497,0.005000000000000045,-0.09999999999999981
498,0.0050000000000000365,-0.09599999999999982
499,-0.09799999999999981,-0.09799999999999981
500,-0.09999999999999981,-0.09799999999999981
501,0.11000000000000018,0.10300000000000019
502,0.10800000000000022,0.40899999999999914
503,0.003000000000000117,-0.09999999999999981
504,0.20299999999999874,-0.09999999999999981
505,0.20799999999999932,0.10600000000000018
506,0.00500000000000017,0.0010000000000000369
507,-0.09999999999999981,-0.09399999999999982
508,0.10099999999999991,0.009000000000000112
509,-0.09999999999999981,-0.09199999999999982
510,0.10099999999999987,-0.09999999999999981
511,-0.09999999999999981,-0.09999999999999981
512,0.10699999999999978,0.0030000000000001527
513,-0.09799999999999981,-0.09799999999999981
514,0.0010000000000000813,-0.09999999999999981
515,-0.09999999999999981,0.20999999999999908
516,0.005000000000000116,0.1040000000000001
517,-0.09799999999999981,-0.09999999999999981
518,0.005000000000000099,-0.09999999999999981
519,-0.09799999999999981,0.0050000000000001345
520,0.20399999999999913,-0.09799999999999981
521,-0.09999999999999981,0.10799999999999974
522,-0.09599999999999982,0.10599999999999982
523,-0.09299999999999983,0.20299999999999932
524,0.20399999999999882,0.007000000000000027
525,-0.09999999999999981,-0.09599999999999982
526,0.10600000000000019,-0.09799999999999981
527,-0.09799999999999981,-0.09999999999999981
528,0.0030000000000000283,-0.09799999999999981
529,-0.09999999999999981,0.10200000000000008
530,-0.09599999999999982,0.2019999999999987
531,0.10100000000000019,-0.09599999999999982
532,0.003000000000000135,0.10200000000000017
533,0.003000000000000135,-0.09999999999999981
534,-0.09799999999999981,0.005000000000000032
535,0.3099999999999998,-0.09999999999999981
536,0.0010000000000001646,-0.09799999999999981
537,0.10199999999999994,-0.09999999999999981
538,-0.09199999999999982,-0.09999999999999981
539,0.10100000000000016,-0.09999999999999981
540,-0.09599999999999982,0.10700000000000016
541,0.10200000000000008,-0.09599999999999982
542,-0.09999999999999981,0.20999999999999974
543,0.0050000000000001345,0.10400000000000015
544,-0.09499999999999982,0.20999999999999935
545,0.4169999999999996,0.21099999999999963
546,-0.09999999999999981,-0.09999999999999981
547,-0.09999999999999981,0.3049999999999987
548,-0.09999999999999981,0.20699999999999888
549,-0.09999999999999981,-0.09599999999999982
550,0.10700000000000016,0.007000000000000031
551,0.009000000000000187,0.10600000000000007
552,0.009000000000000187,-0.09999999999999981
553,0.0030000000000001813,0.0010000000000000902
554,-0.09999999999999981,0.005000000000000028
555,-0.09999999999999981,-0.09799999999999981
556,0.0030000000000001614,0.10800000000000003
557,-0.09799999999999981,0.0010000000000001347
558,0.2059999999999993,-0.09399999999999985
559,0.0070000000000001675,-0.09599999999999982
560,0.007000000000000169,-0.09999999999999981
561,0.10600000000000014,-0.09999999999999981
562,-0.09999999999999981,-0.09799999999999981
563,0.10300000000000019,-0.09999999999999981
564,0.10300000000000001,0.007000000000000027
565,-0.08999999999999984,0.30699999999999944
566,0.11000000000000028,-0.09999999999999981
567,0.10100000000000019,0.10500000000000018
568,-0.09999999999999981,-0.09599999999999982
569,-0.09999999999999981,0.0010000000000001846
570,-0.08399999999999987,-0.09799999999999981
571,-0.09799999999999981,-0.09999999999999981
572,0.0030000000000000283,-0.09799999999999981
573,0.0030000000000000283,0.007000000000000027
574,0.20399999999999996,0.10400000000000018
575,-0.09999999999999981,-0.09799999999999981
576,0.10400000000000018,0.10600000000000007
577,0.003000000000000086,0.0010000000000001702
578,0.0030000000000001527,0.00900000000000012
579,0.11000000000000026,0.20500000000000007
580,0.0010000000000000991,-0.09799999999999981
581,0.00900000000000013,0.00900000000000017
582,-0.09699999999999981,0.20699999999999946
583,0.0030000000000001527,0.10600000000000023
584,-0.09999999999999981,-0.09999999999999981
585,0.2019999999999997,-0.09399999999999982
586,0.005000000000000116,-0.09999999999999981
587,0.001000000000000028,-0.09599999999999982
588,0.007000000000000094,-0.09999999999999981
589,0.10500000000000018,-0.09699999999999981
590,0.10100000000000019,-0.09999999999999981
591,-0.09799999999999981,-0.09999999999999981
592,-0.09799999999999981,-0.09599999999999982
593,-0.09999999999999981,0.2079999999999993
594,-0.09999999999999981,0.005000000000000063
595,-0.0939999999999998,-0.09999999999999981
596,-0.09999999999999981,0.10100000000000005
597,-0.09999999999999981,0.2050000000000002
598,0.21499999999999997,0.21099999999999966
599,0.005000000000000028,0.10800000000000026
600,0.10500000000000018,-0.09099999999999983
601,0.011000000000000116,0.1029999999999998
602,0.007000000000000148,0.3189999999999991
603,0.001000000000000028,0.005000000000000152
604,0.10599999999999993,-0.09599999999999982
605,0.009000000000000062,-0.09799999999999981
606,0.0030000000000000504,-0.09399999999999982
607,0.10600000000000018,-0.09999999999999981
608,-0.09799999999999981,-0.09199999999999983
609,-0.09699999999999984,-0.09399999999999985
610,0.11200000000000009,0.01400000000000003
611,0.20799999999999919,0.10800000000000029
612,-0.09999999999999981,-0.09599999999999982
613,0.0050000000000001875,0.0010000000000001037
614,-0.09799999999999981,-0.09799999999999981
615,0.3039999999999993,0.009000000000000044
616,0.11200000000000009,-0.09199999999999983
617,-0.09799999999999981,-0.09799999999999981
618,-0.09799999999999981,0.20399999999999957
619,0.10199999999999994,0.0010000000000001882
620,0.003000000000000108,0.10200000000000015
621,-0.09999999999999981,0.10199999999999976
622,0.0010000000000000813,0.0010000000000001746
623,0.009000000000000027,0.009000000000000187
624,0.001000000000000028,0.2139999999999997
625,-0.09999999999999981,-0.09999999999999981
626,-0.09999999999999981,-0.09999999999999981
627,0.10200000000000019,-0.09999999999999981
628,0.1059999999999997,0.3219999999999995
629,0.01100000000000009,0.20799999999999993
630,0.003000000000000064,-0.09799999999999981
631,0.0030000000000000994,0.10600000000000014
632,-0.09999999999999981,0.009000000000000187
633,-0.09999999999999981,-0.09599999999999982
634,0.2069999999999991,-0.09599999999999982
635,0.005000000000000063,0.20499999999999932
636,0.007000000000000161,0.003000000000000135
637,0.0050000000000000495,0.009000000000000036
638,0.009000000000000027,0.00900000000000017
639,-0.09999999999999981,0.10400000000000018
640,-0.09599999999999982,0.1040000000000002
641,-0.09599999999999982,-0.09999999999999981
642,-0.09999999999999981,0.2039999999999996
643,0.20599999999999988,-0.09199999999999983
644,0.0010000000000000414,0.0030000000000000547
645,0.11000000000000007,0.10400000000000018
646,0.10800000000000003,-0.09999999999999981
647,0.21700000000000003,0.001000000000000028
648,-0.09999999999999981,-0.09999999999999981
649,0.20700000000000002,0.30699999999999966
650,-0.09599999999999982,-0.09799999999999981
651,-0.09999999999999981,-0.09999999999999981
652,-0.09599999999999982,0.20500000000000004
653,0.10800000000000014,-0.09199999999999983
654,0.007000000000000027,0.10800000000000029
655,-0.09999999999999981,-0.09599999999999982
656,-0.09999999999999981,-0.09999999999999981
657,0.10400000000000018,0.10800000000000011
658,0.007000000000000027,0.10100000000000019
659,0.11600000000000019,0.315999999999999
660,0.001000000000000028,-0.09799999999999981
661,0.10600000000000014,0.21199999999999894
662,-0.09999999999999981,0.0010000000000000859
663,0.3059999999999999,0.11400000000000013
664,-0.09799999999999981,0.0050000000000001675
665,-0.09799999999999981,0.005000000000000116
666,-0.09399999999999982,0.21499999999999972
667,0.0030000000000001883,-0.09799999999999981
668,0.11000000000000013,0.007000000000000027
669,-0.09399999999999982,0.005000000000000081
670,-0.09799999999999981,0.007000000000000169
671,0.10600000000000018,0.10400000000000005
672,0.10500000000000018,0.005000000000000028
673,-0.09799999999999981,-0.09999999999999981
674,0.0010000000000001126,-0.09599999999999982
675,0.003000000000000117,0.007000000000000037
676,0.001000000000000168,-0.09799999999999981
677,0.007000000000000116,0.0030000000000000283
678,0.10899999999999987,-0.09199999999999983
679,-0.09499999999999982,0.10400000000000018
680,-0.09599999999999982,-0.09799999999999981
681,-0.09999999999999981,0.21099999999999966
682,0.20999999999999935,-0.09799999999999981
683,0.10200000000000006,-0.09999999999999981
684,-0.08999999999999984,0.0030000000000001215
685,-0.09799999999999981,0.10400000000000022
686,0.005000000000000099,-0.09999999999999981
687,0.0010000000000000724,0.20899999999999955
688,-0.09799999999999981,-0.09399999999999982
689,-0.09799999999999981,0.007000000000000134
690,-0.09999999999999981,-0.09999999999999981
691,-0.09799999999999981,0.30799999999999916
692,0.005000000000000028,0.10400000000000022
693,-0.09999999999999981,0.21799999999999897
694,0.007000000000000107,0.20500000000000007
695,0.0010000000000000458,0.0010000000000001614
696,-0.09999999999999981,-0.09999999999999981
697,0.001000000000000028,-0.09999999999999981
698,0.001000000000000028,0.007000000000000027
699,0.10400000000000016,0.003000000000000064
700,0.10300000000000019,-0.09999999999999981
701,0.20299999999999987,0.00500000000000013
702,-0.09799999999999981,0.30999999999999994
703,0.0010000000000001347,0.007000000000000027
704,-0.09999999999999981,0.0030000000000000283
705,-0.09599999999999982,0.10499999999999979
706,0.003000000000000117,0.005000000000000099
707,0.11200000000000024,-0.09199999999999983
708,0.005000000000000116,0.001000000000000028
709,-0.09599999999999982,0.41299999999999903
710,-0.09999999999999981,-0.09799999999999981
711,0.3099999999999992,0.20499999999999935
712,0.005000000000000028,0.20299999999999885
713,-0.09999999999999981,0.005000000000000156
714,0.0030000000000001705,-0.09799999999999981
715,0.009000000000000102,-0.09999999999999981
716,0.005000000000000095,-0.09999999999999981
717,0.011000000000000187,0.0010000000000000636
718,0.0010000000000000948,0.005000000000000095
719,0.10700000000000019,-0.09599999999999982
720,0.11000000000000018,0.11300000000000004
721,-0.09999999999999981,-0.09999999999999981
722,0.0010000000000001525,-0.09399999999999982
723,0.10300000000000019,-0.09999999999999981
724,0.00500000000000017,0.41199999999999903
725,-0.09999999999999981,-0.09999999999999981
726,-0.09999999999999981,0.0030000000000000283
727,0.10800000000000015,0.10400000000000013
728,-0.09999999999999981,-0.09999999999999981
729,0.005000000000000063,0.2040000000000001
730,0.10400000000000005,0.009000000000000133
731,-0.09999999999999981,0.001000000000000117
732,0.0010000000000000636,0.10800000000000015
733,0.00500000000000009,-0.09799999999999981
734,0.10199999999999976,-0.09799999999999981
735,0.00500000000000017,-0.09999999999999981
736,-0.09799999999999981,0.10400000000000013
737,0.005000000000000063,-0.09999999999999981
738,0.31800000000000006,0.10200000000000026
739,-0.09799999999999981,-0.09999999999999981
740,0.4100000000000001,-0.09999999999999981
741,0.0030000000000001705,0.003000000000000064
742,0.003000000000000185,0.0030000000000000994
743,0.0050000000000001875,0.0010000000000001525
744,-0.09199999999999983,-0.09599999999999982
745,-0.09799999999999981,0.20599999999999904
746,0.20299999999999996,0.20599999999999902
747,0.20899999999999955,0.10400000000000016
748,-0.09999999999999981,-0.09999999999999981
749,-0.09599999999999982,-0.09999999999999981
750,0.20199999999999885,-0.09799999999999981
751,0.10600000000000008,0.30699999999999894
752,0.10400000000000018,0.005000000000000028
753,0.10200000000000024,0.0050000000000000365
754,-0.09999999999999981,0.1060000000000002
755,0.10600000000000012,-0.09599999999999982
756,0.0030000000000000283,-0.09999999999999981
757,0.0030000000000001705,0.0030000000000001705
758,0.10400000000000013,0.003000000000000064
759,0.11200000000000014,0.2099999999999993
760,0.007000000000000152,0.10800000000000017
761,-0.09799999999999981,0.21499999999999972
762,0.0030000000000000773,0.011000000000000027
763,0.41399999999999926,0.10400000000000033
764,-0.09999999999999981,-0.09799999999999981
765,-0.09999999999999981,0.21299999999999897
766,-0.09799999999999981,0.31299999999999933
767,-0.09799999999999981,0.005000000000000028
768,0.10600000000000025,0.10200000000000015
769,-0.09999999999999981,0.005000000000000116
770,-0.09999999999999981,-0.09999999999999981
771,-0.09399999999999982,-0.09799999999999981
772,0.2059999999999996,-0.09999999999999981
773,-0.09999999999999981,0.10800000000000017
774,0.005000000000000028,0.5119999999999998
775,-0.09799999999999981,0.005000000000000178
776,0.10400000000000004,0.11200000000000028
777,-0.09599999999999982,0.1200000000000001
778,0.11000000000000018,0.10600000000000019
779,-0.09999999999999981,0.10600000000000018
780,-0.09799999999999981,0.007000000000000027
781,-0.09799999999999981,0.001000000000000077
782,0.2119999999999994,0.10800000000000018
783,0.0030000000000000816,0.20399999999999982
784,0.11000000000000015,0.20999999999999994
785,0.1099999999999998,0.011000000000000027
786,0.3049999999999994,0.005000000000000028
787,0.10300000000000019,0.010000000000000026
788,0.11599999999999974,0.11200000000000014
789,0.10599999999999982,-0.09499999999999982
790,0.003000000000000108,0.0030000000000001124
791,0.0010000000000001702,0.007000000000000134
792,-0.09999999999999981,-0.09699999999999981
793,0.005000000000000045,0.20399999999999893
794,-0.09999999999999981,-0.09999999999999981
795,0.009000000000000107,0.013000000000000065
796,0.1150000000000001,0.001000000000000028
797,0.20599999999999874,-0.09399999999999982
798,-0.09599999999999982,-0.09999999999999981
799,-0.09799999999999981,0.0030000000000000283
800,-0.09999999999999981,0.00500000000000009
801,0.005000000000000178,-0.09599999999999982
802,0.10400000000000027,0.11200000000000031
803,-0.09999999999999981,-0.09999999999999981
804,0.10600000000000018,0.0030000000000000283
805,-0.09599999999999982,-0.09199999999999983
806,-0.09999999999999981,0.10200000000000023
807,0.10600000000000014,0.009000000000000084
808,-0.09499999999999982,-0.09999999999999981
809,0.4079999999999988,0.009000000000000098
810,-0.0939999999999998,0.10400000000000018
811,0.11000000000000013,-0.09399999999999982
812,0.3039999999999998,0.00500000000000009
813,0.20299999999999996,-0.09799999999999981
814,-0.09599999999999982,0.005000000000000028
815,-0.09699999999999984,-0.09999999999999981
816,0.7170000000000036,-0.09599999999999982
817,-0.09599999999999982,-0.09799999999999981
818,0.10600000000000008,0.0030000000000001705
819,-0.09999999999999981,0.007000000000000205
820,-0.09999999999999981,-0.09999999999999981
821,0.10400000000000018,0.20199999999999968
822,0.007000000000000027,-0.09999999999999981
823,-0.09799999999999981,-0.09999999999999981
824,0.0010000000000001436,0.0030000000000000773
825,-0.09799999999999981,0.013000000000000117
826,-0.09799999999999981,-0.09999999999999981
827,-0.09999999999999981,0.20600000000000002
828,0.007000000000000098,0.003000000000000175
829,-0.09999999999999981,-0.09399999999999982
830,-0.09999999999999981,0.0010000000000001347
831,-0.09999999999999981,0.0010000000000001702
832,0.003000000000000135,0.0010000000000001436
833,0.10800000000000017,0.10300000000000019
834,-0.09999999999999981,-0.09799999999999981
835,-0.09999999999999981,0.10400000000000018
836,0.013000000000000131,0.10100000000000019
837,0.10400000000000015,0.10799999999999985
838,-0.09999999999999981,0.005000000000000028
839,0.005000000000000055,0.2129999999999991
840,-0.08999999999999984,-0.09799999999999981
841,0.10200000000000019,0.0030000000000001813
842,0.1040000000000002,0.1060000000000002
843,0.10600000000000004,0.00300000000000013
844,0.40799999999999914,0.005000000000000164
845,-0.09599999999999982,0.0070000000000001875
846,0.10400000000000022,0.003000000000000157
847,0.10199999999999976,-0.09399999999999982
848,0.10400000000000016,0.10400000000000009
849,0.0070000000000001675,0.00900000000000012
850,0.001000000000000188,-0.09999999999999981
851,0.10600000000000033,0.00500000000000017
852,0.3080000000000003,0.003000000000000135
853,-0.09999999999999981,-0.09999999999999981
854,-0.09399999999999982,-0.09999999999999981
855,-0.09999999999999981,0.10599999999999993
856,0.007000000000000027,0.20899999999999977
857,-0.09599999999999982,0.005000000000000152
858,0.009000000000000044,0.005000000000000028
859,0.10200000000000023,0.11000000000000015
860,0.10800000000000014,0.10400000000000029
861,0.10300000000000019,0.007000000000000063
862,-0.09599999999999982,0.304999999999999
863,-0.09999999999999981,-0.09799999999999981
864,0.30699999999999933,0.10900000000000011
865,0.10100000000000019,0.0070000000000001675
866,0.31499999999999906,0.41499999999999937
867,-0.09699999999999981,-0.09999999999999981
868,0.10600000000000005,0.10599999999999968
869,0.4119999999999991,-0.09999999999999981
870,-0.09999999999999981,0.0030000000000000417
871,-0.09799999999999981,-0.09799999999999981
872,-0.09999999999999981,-0.09999999999999981
873,0.20799999999999963,-0.09199999999999983
874,0.005000000000000152,0.0030000000000001527
875,-0.09999999999999981,-0.09999999999999981
876,0.003000000000000117,0.31399999999999906
877,-0.09299999999999983,0.0030000000000001705
878,0.11300000000000018,0.20199999999999885
879,0.10700000000000003,0.10700000000000016
880,0.001000000000000028,0.10600000000000018
881,0.4159999999999993,0.011000000000000027
882,-0.09399999999999982,0.007000000000000041
883,0.001000000000000028,-0.09799999999999981
884,0.005000000000000068,0.1040000000000002
885,0.001000000000000178,-0.09999999999999981
886,0.001000000000000028,0.009000000000000107
887,0.007000000000000081,0.20399999999999982
888,0.0040000000000000365,-0.09999999999999981
889,-0.09699999999999981,-0.09999999999999981
890,0.005000000000000045,0.2099999999999988
891,0.0030000000000000547,0.10800000000000018
892,0.10799999999999985,0.1020000000000001
893,-0.09799999999999981,0.0010000000000000636
894,0.0010000000000000991,0.0030000000000001705
895,-0.09799999999999981,-0.09799999999999981
896,0.00500000000000009,0.11000000000000014
897,-0.09799999999999981,-0.09799999999999981
898,-0.09599999999999982,0.1120000000000001
899,0.001000000000000188,-0.09399999999999982
900,-0.09999999999999981,-0.09999999999999981
901,0.0030000000000000283,-0.09599999999999982
902,0.0010000000000001347,-0.09799999999999981
903,-0.09999999999999981,-0.09999999999999981
904,-0.09999999999999981,-0.09599999999999982
905,-0.09999999999999981,0.10100000000000002
906,0.001000000000000028,-0.09599999999999982
907,0.3089999999999996,-0.09799999999999981
908,0.0030000000000000547,-0.09999999999999981
909,0.001000000000000028,0.0030000000000000903
910,0.20999999999999933,-0.09199999999999983
911,0.4149999999999996,0.10499999999999997
912,0.10400000000000008,0.21699999999999897
913,-0.09399999999999982,0.001000000000000188
914,-0.09799999999999981,-0.09599999999999982
915,0.1040000000000002,0.00900000000000007
916,-0.09599999999999982,-0.09799999999999981
917,-0.09599999999999982,0.20899999999999988
918,0.10600000000000023,0.2070000000000001
919,0.10999999999999995,0.005000000000000099
920,-0.09799999999999981,-0.09799999999999981
921,0.10400000000000016,-0.09999999999999981
922,0.005000000000000178,-0.09599999999999982
923,0.007000000000000063,-0.09999999999999981
924,0.0080000000000001,0.0010000000000001347
925,0.001000000000000178,0.10400000000000016
926,0.10599999999999986,-0.08599999999999985
927,0.20499999999999974,-0.09199999999999983
928,0.10100000000000019,0.011000000000000187
929,0.003000000000000168,-0.09599999999999982
930,0.20200000000000004,0.0030000000000001883
931,0.00500000000000017,0.005000000000000152
932,0.11400000000000014,0.005000000000000028
933,-0.09999999999999981,-0.09999999999999981
934,0.0030000000000001705,0.10799999999999992
935,0.4079999999999995,0.31699999999999967
936,-0.09799999999999981,-0.09999999999999981
937,-0.09799999999999981,-0.09299999999999983
938,-0.09999999999999981,-0.09999999999999981
939,-0.09999999999999981,-0.09999999999999981
940,0.20199999999999943,-0.09499999999999982
941,0.20699999999999996,-0.09799999999999981
942,-0.09999999999999981,0.11099999999999983
943,0.4109999999999999,-0.09799999999999981
944,0.0030000000000001883,0.10599999999999989
945,-0.09999999999999981,-0.09999999999999981
946,-0.09599999999999982,0.20699999999999988
947,0.10800000000000023,0.31199999999999894
948,0.20199999999999868,-0.09799999999999981
949,-0.09999999999999981,-0.09999999999999981
950,-0.09199999999999983,0.20699999999999982
951,-0.09999999999999981,-0.09999999999999981
952,0.001000000000000178,0.2059999999999996
953,0.30999999999999994,0.0030000000000000283
954,0.10200000000000017,-0.09799999999999981
955,-0.09999999999999981,0.11200000000000015
956,0.0030000000000001527,0.012000000000000028
957,-0.09399999999999982,0.10100000000000019
958,-0.09699999999999981,-0.09599999999999982
959,0.21100000000000013,-0.0939999999999998
960,0.003000000000000046,-0.09999999999999981
961,0.10600000000000012,0.005000000000000045
962,0.20500000000000015,0.11000000000000007
963,0.2039999999999996,-0.09799999999999981
964,0.20499999999999957,0.012000000000000045
965,0.2049999999999992,-0.09799999999999981
966,-0.09999999999999981,-0.09199999999999982
967,-0.09999999999999981,-0.09699999999999981
968,0.31699999999999995,0.3109999999999992
969,0.3169999999999996,0.0030000000000000903
970,0.005000000000000028,0.10400000000000018
971,-0.09799999999999981,0.10800000000000014
972,-0.09999999999999981,-0.09999999999999981
973,0.0030000000000000283,-0.09599999999999982
974,-0.09199999999999983,-0.09999999999999981
975,0.007000000000000116,0.2129999999999999
976,-0.09499999999999982,-0.09799999999999981
977,0.3069999999999993,0.001000000000000028
978,-0.09799999999999981,0.10699999999999989
979,-0.09799999999999981,0.007000000000000037
980,0.20799999999999982,0.0030000000000000816
981,0.007000000000000169,0.0010000000000001525
982,0.001000000000000117,0.001000000000000117
983,0.4149999999999995,0.10300000000000019
984,-0.09999999999999981,0.0030000000000000283
985,0.001000000000000028,-0.09799999999999981
986,0.10600000000000015,-0.09199999999999983
987,-0.09999999999999981,0.009000000000000044
988,-0.09399999999999982,-0.09799999999999981
989,0.0010000000000001882,0.20499999999999993
990,0.10800000000000022,-0.09999999999999981
991,0.3059999999999996,0.0010000000000001347
992,0.3059999999999996,0.007000000000000027
993,-0.09999999999999981,-0.09999999999999981
994,-0.09999999999999981,0.21100000000000016
995,0.007000000000000027,0.20999999999999944
996,0.005000000000000081,0.005000000000000055
997,0.0030000000000000283,-0.09599999999999982
998,-0.09799999999999981,0.005000000000000028
999,-0.09999999999999981,-0.09999999999999981
1000,0.0010000000000001713,-0.09999999999999981
